{"short": "90", "name": "90's Nostalgia Pack", "white": ["Sucking the President\u2019s dick.", "Sunny D! Alright!", "A mulatto, an albino, a mosquito, and my libido.", "Log(TM).", "Jerking off to a 10-second RealMedia clip.", "Deregulating the mortgage market.", "The Y2K bug.", "Wearing Nicolas Cage\u2019s face.", "Stabbing the shit out of a Capri Sun.", "Kurt Cobain\u2019s death.", "Freeing Willy.", "Liking big butts and not being able to lie about it.", "The Great Cornholio.", "Pure Moods, Vol. 1.", "Yelling \u201cgirl power!\u201d and doing a high kick.", "Pamela Anderson\u2019s boobs running in slow motion.", "Pizza in the morning, pizza in the evening, pizza at supper time.", "Angels interfering in an otherwise fair baseball game.", "Getting caught up in the CROSSFIRE(TM).", "Patti Mayonnaise.", "Cool 90s up-in-the-front hair.", "Several Michael Keatons.", "A bus that will explode if it goes under 50 miles per hour."], "black": ["Siskel and Ebert have panned _ as \u201cpoorly conceived\u201d and \u201csloppily executed.\u201d", "Up next on Nickelodeon: \u201cClarissa Explains _.\u201d", "I\u2019m a bitch, I\u2019m a lover, I\u2019m a child, I\u2019m _.", "How did Stella get her groove back?", "Believe it or not, Jim Carrey can do a dead-on impression of _.", "It\u2019s Morphin\u2019 Time! Mastodon! Pterodactyl!", "Triceratops! Sabertooth Tiger! _!", "Tonight on SNICK: \u201cAre You Afraid of _?\u201d"], "empty": 0, "id": "90's_nostalgia_pack"}