{"short": "1.6", "name": "Base Game 1.6", "white": ["A ball of earwax, semen, and toenail clippings.", "A Fleshlight.", "A man on the brink of orgasm.", "A saxophone solo.", "An endless stream of diarrhea.", "Bio-engineered assault turtles with acid breath.", "Chunks of dead hitchhiker.", "Court-ordered rehab.", "Crumbs all over the god damn carpet.", "Daniel Radcliffe\u2019s delicious asshole.", "Dark and mysterious forces beyond our control.", "Giving birth to the Antichrist.", "Having anuses for eyes.", "Hip hop jewels", "Holding down a child and farting all over him.", "Inserting a Mason jar into my anus.", "Invading Poland.", "Jobs.", "Joe Biden.", "Magnets.", "Miley Cyrus at 55.", "My black ass.", "Our first chimpanzee President.", "Penis breath.", "Running out of semen.", "Saying \u201cI love you.\u201d", "Seeing Grandma naked.", "Sex with Patrick Stewart.", "Sexual peeing.", "The cool, refreshing taste of Pepsi\u00ae.", "The morbidly obese.", "The Patriarchy.", "The pirate\u2019s life.", "The rhythms of Africa.", "The wonders of the Orient.", "The wrath of Vladimir Putin.", "This year\u2019s mass shooting.", "Three dicks at the same time.", "White-man scalps.", "Your weird brother."], "black": ["A recent laboratory study shows that undergraduates have 50% less sex after being exposed to _.", "Fun tip! When your man asks you to go down on him, try surprising him with _ instead.", "I get by with a little help from _.", "Introducing the amazing superhero/sidekick duo! It\u2019s _ and _!", "Introducing X-Treme Baseball! It\u2019s like baseball, but with _!", "The new Chevy Tahoe. With the power and space to take _ everywhere you go.", "They said we were crazy. They said we couldn\u2019t put _ inside of _. They were wrong.", "Today on Maury: \u201cHelp! My son is _!\u201d", "What is George W. Bush thinking about right now?"], "empty": 0, "id": "base_game_1.6"}