{"short": "UK", "name": "Base Game (UK)", "white": ["Used knickers.", "The bloody Welsh.", "Blowing up Parliament.", "A Chealsea smile.", "Waking up half-naked in a Little Chef car park.", "Badger culling.", "The sudden appearance of the Go Compare man.", "Women in yoghurt adverts.", "Pussy Galore.", "A ginger\u2019s freckled ballsack.", "Some bloody peace and quiet.", "Wiping her bum.", "Doing a shit in Pudsey Bear\u2019s eyehole.", "England", "Madeleine McCann.", "A sober Irishman who doesn\u2019t care for potatoes.", "An entrenched class system.", "The North.", "Rubbing Boris Johnson\u2019s belly until he falls asleep.", "The Hillsborough Disaster.", "Ripping off the Beatles.", "Rohypnol.", "The end of days.", "Jedward.", "A bleached arsehole.", "A madman who lives in a police box and kidnaps women.", "The Scouts.", "Getting naked and watching CBeebies.", "Ed Balls.", "Millwall fans.", "Not wearing trousers.", "Cheating in the Paralympics.", "The Honey Monster.", "Anything that comes out of Prince Philip\u2019s mouth.", "Queen Elizabeth\u2019s immaculate anus.", "The Black Death.", "Perfunctory foreplay.", "A mad cow.", "A fanny fart.", "The Stig.", "Wanking into a pool of children\u2019s tears.", "A posh wank.", "Kids with bum cancer.", "Haggis.", "Jade Goody\u2019s cancerous remains.", "Cheeky bum sex.", "Jehovah\u2019s Witnesses.", "Leaked footage of Kate Middleton\u2019s colonoscopy.", "The petty troubles of the landed gentry.", "Scousers.", "Maureen of Blackpool, Reader\u2019s Wife of the Year 1988.", "Bogies.", "Blood, toil, tears, and sweat.", "Scalping the Milkybar Kid.", "Concealing an erection.", "An AK-47 assault rifle.", "Shipping convicts to Australia.", "A foetus.", "Ecstasy.", "The BNP.", "David Cameron.", "Just touching David Beckham\u2019s hair.", "Extremely tight trousers.", "Druids.", "Trench foot.", "An argument with Richard Dawkins.", "The French.", "Dirty nappies.", "Germans on holiday.", "One Direction\u2019s supple, hairless bodies.", "Paedophiles.", "Daddies\u00ae Brown Sauce.", "Pronouncing the names of northern Welsh towns.", "Getting wed, having a few kids, taking some pictures, retiring to the south of", "France, and dying.", "Spaniards.", "Gentleman\u2019s Relish.", "Slapping a biscuit out of an orphan\u2019s mouth.", "Excalibur.", "Gary Glitter.", "A white van man.", "Hurling one\u2019s body down a hill in pursuit of a wheel of cheese.", "Shitting out a perfect Cumberland sausage.", "The entire cast of Downton Abbey.", "Cottaging.", "Five litres of Special Brew.", "A vindaloo poo.", "A bit of slap and tickle.", "A thousand Scottish warriors lifting their kilts in unison.", "Buckfast Tonic Wine.", "Tories.", "400 years of colonial atrocities.", "Faffing about.", "A nice cup of tea.", "Mining accidents.", "Jimmy Savile.", "LYNX\u00ae Body Spray.", "The way James Bond treats women.", "Dogging."], "black": ["The Natural History Museum has just opened an interactive exhibit on _.", "Dear Agony Aunt, I\u2019m having some trouble with _ and I need your advice.", "I\u2019m sorry,Sir, but I couldn\u2019t complete my homework because of _.", "The theme for next year\u2019s Eurovision Song Contest is \u201cWe are _.\u201d", "Nobody expects the Spanish Inquisition. Our chief weapons are fear, surprise, and _.", "In Wormwood Scrubs, word is you can trade 200 cigarettes for _._? Jim\u2019ll fix it!", "When I am Prime Minister of the United Kingdom, I will create the Ministry of _.", "What kept Margaret Thatcher busy in her waning years?", "In her latest feature-length film, Tracy Beaker struggles with _ for the first time.", "Airport security guidelines now prohibit _ on airplanes.", "The school field trip was completely ruined by _.", "What did I bring back from Amsterdam?", "The TFL apologizes for the delay in train service due to _.", "And the BAFTA for _ goes to _.", "Next on Sky Sports: The World Championship of _.", "Channel 5\u2019s new reality show features eight washed-up celebrities living with _.", "Instead of coal, Father Christmas now gives bad children _.", "Coming to the West End this year, _: The Musical._: Once you pop, the fun don\u2019t stop!", "Channel 4 presents _, the story of _.", "What are school administrators using to curb rampant teenage pregnancy?_. That\u2019s why mums go to Iceland.", "Daddy, why is mummy crying?"], "empty": 0, "id": "base_game_(uk)"}