{"short": "CA", "name": "Base Game (Canada)", "white": ["A Molson muscle.", "A Tim Hortons franchise.", "An icy handjob from an Edmonton hooker.", "Being Canadian.", "Burning down the White House.", "Canada: America\u2019s hat.", "Don Cherrys wardrobe.", "Heritage minutes.", "Homo milk.", "Mr. Dressup.", "Naked News.", "Newfies.", "Poutine.", "Schmirler the Curler.", "Snotsicles.", "Stephen Harper.", "Syrupy sex with a maple tree.", "Terry Fox\u2019s prosthetic leg.", "The Famous Five.", "The FLQ", "The Official Languages Act. La Loi sur les langues officielles.", "The Royal Canadian Mounted Police."], "black": ["Air Canada guidelines now prohibit _ on airplanes.", "CTV presents _, the story of _.", "O Canada, we stand on guard for _.", "The Royal Ontario Museum has just opened an interactive exhibit on _", "What\u2019s the Canadian government using to inspire rural students to succeed?"], "empty": 0, "id": "base_game_(canada)"}