{"short": "BBB", "name": "Bigger Blacker Box Pack", "white": ["A box.", "A box within a box.", "A boxing match with a giant box.", "A box of biscuits, a box of mixed biscuits, and a biscuit mixer.", "An outbreak of smallbox.", "The Boxcar Children.", "A world without boxes.", "A box-shaped man.", "A man-shaped box.", "Boxing up my feelings.", "Something that looks like a box but turns out to be a crate.", "A box that is conscious and wishes it weren\u2019t a box.", "An alternate universe in which boxes store things inside of people.", "The J15 Patriot Assault Box.", "A box without hinges, key, or lid, yet golden treasure inside is hid.", "Two midgets shitting into a box.", "A falcon with a box on its head.", "Being a motherfucking box.", "Former President George W. Box.", "Pandora\u2019s vagina.", "The biggest, blackest dick."], "black": [], "empty": 0, "id": "bigger_blacker_box_pack"}