{"short": "FASC", "name": "Fascism Pack", "white": ["Cloning Hitler.", "Disco Mussolini.", "Electro-Stalin.", "Running an entire genre of moustaches.", "Whatever brave hero killed Hitler.", "Breaking news about what Hitler\u2019s penis was like.", "Donald Trump\u2019s personal copy of Mein Kempt.", "An orgasm so powerful you travel back in time and jizz in Hitler\u2019s Face.", "Straight up fucking loving authority.", "Hitler\u2019s sound economic policies.", "The cyanide pill you keep on your person at all times.", "Being open to new perspectives on the Holocaust.", "The Yad Vashem World Center for Holocaust Research.", "Presenting your documents at a checkpoint.", "How cool Nazi airplanes are."], "black": ["Leni Riefenstahl\u2019s last movie was called Triumph of _.", "Before swallowing his pride and a cyanide pill, Adolf whispered to Eva, \u201cSorry about _\u201d."], "empty": 0, "id": "fascism_pack"}