{"short": "V", "name": "Fifth Expansion", "white": ["40 acres and a mule.", "A crazy little thing called love.", "A disappointing salad.", "A face full of horse cum.", "A giant powdery manbaby.", "A mouthful of potato salad.", "A one-way ticket to Gary, Indiana.", "A powered exoskeleton.", "A reason not to commit suicide.", "A team of lawyers.", "A whole new kind of porn.", "A zero-risk way to make $2,000 from home.", "AIDS monkeys.", "All these decorative pillows.", "An unforgettable quincea\u00f1era.", "An uninterrupted history of imperialism and exploitation.", "Anal fissures like you wouldn\u2019t believe.", "Ancient Athenian boy-fucking.", "Backwards knees.", "Being nine years old.", "Being paralyzed from the neck down.", "Being worshiped as the one true God.", "Blackface.", "Blowjobs for everyone.", "Boring Vaginal sex.", "Butt stuff.", "Changing a person\u2019s mind with logic and facts.", "Child support payments.", "Cutting off a flamingo\u2019s legs with garden shears.", "Daddy\u2019s credit card.", "Deez nuts.", "Denzel.", "Doing the right stuff to her nipples.", "Ejaculating live bees and the bees are angry.", "Ennui.", "Figuring out how to have sex with a dolphin.", "Free ice cream, yo.", "Genghis Khan\u2019s DNA.", "Getting caught by the police and going to jail.", "Getting drive-by shot.", "Getting eaten alive by Guy Fieri.", "Giant sperm from outer space.", "Going to a high school reunion on ketamine.", "Having been dead a while.", "Mom\u2019s new boyfriend.", "My boyfriends stupid penis.", "My dead son\u2019s baseball glove.", "My first period.", "Not believing in giraffes.", "Oil!", "Out-of-this-world bazongas.", "P.F. Chang himself.", "Russian super-tuberculosis.", "Seeing my village burned and my family slaughtered before my eyes.", "Seeing things from Hitler\u2019s perspective.", "September 11th, 2001.", "Slowly easing down onto a cucumber.", "Social justice warriors with flamethrowers of compassion.", "Some shit-hot guitar licks.", "The Abercrombie & Fitch lifestyle.", "The basic suffering that pervades all of existence.", "The eight gay warlocks who dictate the rules of fashion.", "The ghost of Marlon Brando.", "The inability to form meaningful relationships.", "The passage of time.", "The swim team, all at once.", "The tiger that killed my father.", "The unbelievable world of mushrooms.", "The black half of Barack Obama.", "The white half of Barack Obama.", "Too much cocaine.", "Unrelenting genital punishment.", "Vegetarian options.", "Wearing glasses and sounding smart.", "Western standards of beauty."], "black": ["And today\u2019s soup is Cream of _.", "Armani suit: $1,000. Dinner for two at that swanky restaurant: $300. The look on her face when you surprise her with _: priceless.", "Do the Dew with our most extreme flavor yet! Get ready for Mountain Dew _!", "Do you lack energy? Does it sometimes feel like the whole world is _ ? Zoloft.", "Don\u2019t forget! Beginning this week, Casual Friday will officially become \u201c_ Friday.\u201d", "Get ready for the movie of the summer! One cop plays by the book. The other\u2019s only interested in one thing: _.", "Having the worst day EVER. #_", "Heed my voice, mortals! I am the god of _ , and I will not tolerate _!", "Help me doctor, I\u2019ve got _ in my butt!", "Here at the Academy for Gifted Children, we all students to explore _ at their own pace.", "Hi MTV! My name is Kendra, I live in Malibu, I\u2019m into _, and I love to have a good time.", "Hi, this is Jim from accounting. We noticed a $1,200 charge labeled \u201c_.\u201d Can you explain?", "I don\u2019t mean to brag, but they call me the Micheal Jordan of _.", "In his farewell address, George Washington famously warned Americans about the dangers of _.", "In his new action comedy, Jackie Chan must fend off ninjas while also dealing with _.", "Life\u2019s pretty tough in the fast lane. That\u2019s why I never leave the house without _.", "Now in bookstores: \u201cThe Audacity of _\u201d by Barack Obama.", "Patient presents with _ . Likely a result of _ .", "Well if _ is good enough for _, it\u2019s good enough for me.", "Well what do you have to say for yourself, Casey? This is the third time you\u2019ve been sent to the principal\u2019s office for _.", "What killed my boner?", "What\u2019s making things awkward in the sauna?", "WHOOO! God damn I love _!", "Why am I broke?", "Yo\u2019 mama\u2019s so fat she _!"], "empty": 0, "id": "fifth_expansion"}