{"short": "I", "name": "First Expansion", "white": [], "black": ["24-hour media coverage", "A beached whale.", "A big black dick.", "A bloody pacifier.", "A crappy little hand.", "A fat bald man from the internet.", "A low standard of living.", "A nuanced critique.", "A panty raid.", "A passionate Latino lover.", "A plunger to the face.", "A rival dojo.", "A smiling black man, a latina businesswoman, a cool asian, and some whites.", "A web of lies.", "A woman scorned.", "An atomic wedgie.", "An Etsy steampunk strap-on.", "An evil man in evil clothes.", "Andr\u00e9 the Giant\u2019s enormous, leathery scrotum.", "Apologizing.", "Appreciative snapping.", "Ashton Kutcher.", "Beating your wives.", "Being a busy adult with many important things to do.", "Being a dinosaur.", "Blaxploitation.", "Bosnian chicken farmers.", "Breaking nip slip news.", "Carnies.", "Clams.", "Clenched butt cheeks.", "Coughing into a vagina.", "Cutting.", "Dancing with a broom.", "Deflowering a princess.", "Deflowering the princess.", "Dorito breath.", "Eating an albino.", "Enormous Scandinavian women.", "Fabricating statistics.", "Finding a skeleton.", "Gandalf.", "Genetically engineered super-soldiers.", "George Clooney\u2019s musk.", "Getting abducted by Peter Pan.", "Getting in her pants, politely.", "Gladiatorial combat.", "Good grammar.", "having a penis", "Hipsters.", "Historical revisionism.", "Insatiable bloodlust.", "Jafar.", "Jean-Claude Van Damme in slow motion.", "Jean-Claude Van Damme.", "Just the tip.", "Leveling up.", "Literally eating shit.", "Mad hacky-sack skills.", "Making the penises kiss.", "Media coverage.", "Medieval Times\u00ae Dinner & Tournament.", "Mom.", "Moral ambiguity.", "My machete.", "Neil Patrick Harris.", "NOOOOOOOOO!!!", "Nubile slave boys.", "Ominous background music.", "One thousand Slim Jims.", "Overpowering your father.", "Panty raids.", "Pistol-whipping a hostage.", "Quiche.", "Quivering jowls.", "Revenge fucking.", "Ripping into a man\u2019s chest and pulling out his still-beating heart.", "Ryan Gosling riding in on a white horse.", "Salvia.", "Sanding off a man\u2019s nose.", "Santa Claus.", "Savagely beating a mascot", "Scrotum tickling.", "Sexual humiliation.", "Sexy Siamese twins.", "Shaft.", "Slow motion.", "Space muffins.", "Statistically validated stereotypes.", "Stockholm syndrome", "Sudden Poop Explosion Disease.", "Suicidal thoughts.", "Syphilitic insanity", "The boners of the elderly.", "The economy.", "The Fanta\u00ae girls.", "The four arms of Vishnu.", "The gulags.", "The harsh light of day.", "The hiccups.", "The ooze", "The shambling corpse of Larry King.", "This guy!", "Tripping balls.", "Walking in on Dad peeing into Mom\u2019s mouth.", "Words, words, words.", "Zeus\u2019s sexual appetites."], "empty": 0, "id": "first_expansion"}