{"short": "FOOD", "name": "Food Pack", "white": ["Being emotionally and physically dominated by Gordon Ramsay.", "Soup that\u2019s better than pussy.", "Father\u2019s forbidden chocolates.", "Real cheese flavor.", "Oreos for dinner.", "Committing suicide at the Old Country Buffet.", "Sucking down thousands of pounds of krill every day.", "The inaudible screams of carrots.", "Clamping down on a gazelle\u2019s jugular and tasting its warm life waters.", "A table for one at The Cheesecake Factory.", "A belly full of hard-boiled eggs.", "Kevin Bacon Bits.", "The hot dog I put in my vagina ten days ago.", "Not knowing what to believe anymore about butter.", "The Hellman\u2019s Mayonnaise Corporation.", "A sobering quantity of chili cheese fries.", "Going vegetarian and feeling so great all the time.", "Licking the cake batter off of grandma\u2019s fingers.", "Swishing the wine around and sniffing it like a big fancy man.", "The Dial-A-Slice Apple Divider from Williams-Sonoma.", "A Joyless vegan party.", "What to do with all of this chocolate on my penis.", "Kale farts.", "Jizz Twinkies."], "black": ["I\u2019m Bobby Flay, and if you can\u2019t stand _. get out of the kitchen!", "Now on Netflix: Jiro Dreams Of _.", "It\u2019s not delivery. It\u2019s _.", "Excuse me, waiter. Could you take this back? This soup tastes like _.", "Aw babe, your burbs smell like _.", "Don\u2019t miss Rachel Ray\u2019s hit new show, Cooking with _."], "empty": 0, "id": "food_pack"}