{"short": "H13", "name": "Holiday Pack 2013", "white": ["These low, low prices!", "Giving money and personal information to strangers on the Internet.", "A magical tablet containing a world of unlimited pornography.", "Piece of shit Christmas cards with no money in them.", "Moses gargling Jesus\u2019s balls while Shiva and the Buddha penetrate his divine hand holes.", "The Hawaiian goddess Kapo and her flying detachable vagina.", "The shittier, Jewish version of Christmas.", "Finding out Santa isn\u2019t real.", "Slicing a ham in icy silence.", "Making up for 10 years of shitty parenting with a PlayStation.", "Swapping bodies with mom for a day.", "The Grinch\u2019s musty, cum-stained pelt.", "Breeding elves for their priceless semen.", "Jizzing into Santa\u2019s beard.", "Rudolph\u2019s bright red balls.", "Congress\u2019s flaccid penises withering away beneath their suit pants.", "The royal afterbirth.", "Having a strong opinion about Obamacare.", "People with cake in their mouths talking about how good cake is.", "A simultaneous nightmare and wet dream starring Sigourney Weaver.", "Being blind and deaf and having no limbs.", "[First Name Last Name]"], "black": ["But wait, there\u2019s more! If you order _ in the next 15 minutes, we\u2019ll throw in _ absolutely free!", "Blessed are you, Lord our God, creator of the universe, who has granted us _.", "Because they are forbidden from masturbating, Mormons channel their repressed sexual energy into _.", "I really hope my grandma doesn\u2019t ask me to explain _ again.", "What\u2019s the one thing that makes an elf instantly ejaculate?", "Revealed: Why He Really Resigned! Pope Benedict\u2019s Secret Struggle with _.", "Here\u2019s what you can expect for the new year. / Out: _ / In: _.", "Kids these days with their iPods and their Internet. In my day, all we needed to pass the time was _.", "GREETINGS HUMANS / I AM _ BOT / EXECUTING PROGRAM."], "empty": 0, "id": "holiday_pack_2013"}