{"short": "HOC", "name": "House Of Cards Pack", "white": ["25 shitty jokes about House of Cards.", "An origami swan that\u2019s some kind of symbol?", "A homoerotic subplot.", "Forcing a handjob on a dying man.", "Ribs so good they transcend race and class.", "The sensitive European photographer who\u2019s fucking my wife.", "Carbon monoxide poisoning.", "Discharging a firearm in a residential area.", "Getting eaten out while on the phone with Dad.", "Making it look like a suicide.", "A much younger woman.", "An older man.", "Strangling a dog to make a point to the audience.", "A childless marriage.", "My constituents.", "Punching a congressman in the face"], "black": ["I can\u2019t believe Netflix is using _ to promote House of Cards.", "I\u2019m not going to lie. I despise _. There, I said it.", "A wise man said, \u201cEverything is about sex. Except sex. Sex is about _.\u201d", "Corruption. Betrayal. _. Coming soon to Netflix, \u201cHouse of _.\u201d", "Our relationship is strictly professional. Let\u2019s not complicate things with _.", "Because you enjoyed _, we thought you\u2019d like _.", "We\u2019re not like other news organizations. Here at Slugline, we welcome_ in the office.", "Cancel all my meetings. We\u2019ve got a situation with _ that requires my immediate attention.", "If you need him to, Remy Danton can pull some strings and get you _, but it\u2019ll cost you."], "empty": 0, "id": "house_of_cards_pack"}