{"short": "JEW15", "name": "Jew Pack 2015", "white": ["Holding up the line at Walgreens by trying to use an expired coupon.", "Whoopi Goldberg.", "Wandering the desert for 40 years.", "Some kind of concentrated encampment for people.", "Hiding from the Nazis.", "Suddenly remembering that the Holocaust happened.", "Chopping of a bit of the penis.", "Bags of money.", "A little bit of schmutz right there.", "Demolishing that ass like a Palestinian village.", "A lifetime of internalized guilt.", "A headache that\u2019s definitely cancer.", "What it means to be a Jewish woman in contemporary society."], "black": ["What\u2019s so important right now that you can\u2019t call your mother?", "Can\u2019t you see? The Jews are behind everything \u2013 the banks, the media, even _!"], "empty": 0, "id": "jew_pack_2015"}