{"short": "ME", "name": "Mass Effect Pack", "white": ["Totally fuckable aliens.", "My complicated backstory that you will soon learn about.", "The Genophage.", "Falling in actual love with a video game character.", "Space racism.", "An emergency induction port.", "Running a few errands before saving the galaxy.", "An armored Krogan war-clitoris.", "An extremely long elevator ride.", "Bone-shattering sex with a metal woman."], "black": ["We were the two best hand-to-hand combatants on the ship. I had reach, but she had _.", "It turns out The Reapers didn\u2019t want to destroy the galaxy. They just wanted _.", "Coming this spring from BioWare, Mass Effect: _.", "I\u2019m Commander Shepard, and this is my favorite place for _ on the Citadel."], "empty": 0, "id": "mass_effect_pack"}