{"short": "P14PP", "name": "PAX 2014 Prime Panel Pack", "white": ["No Survivors.", "The beautiful sport or Turkish oil wrestling.", "Pooping as quietly as possible.", "Pelvic sorcery.", "A neck beard that is 10% cheese."], "black": ["The Discovery Channel presents: _ week.", "Like _, State Farm is there.", "Bob Ross\u2019s little-known first show was called \u201cThe Joy of _.\u201d", "During my first game of D&D I accidentally summoned _.", "Buzzfeed presents 10 pictures of _ that look like _."], "empty": 0, "id": "pax_2014_prime_panel_pack"}