{"short": "P13C", "name": "PAX 2013 East Pack C", "white": ["Achieving 500 actions per minute.", "Forgetting to eat, and consequently dying.", "Wil Wheaton crashing an actual spaceship.", "The Klobb.", "Charging up all the way.", "Vespene gas.", "Judging elves by the color of their skin and not by the content of their character.", "Smashing all the pottery in a Pottery Barn in search of rupees."], "black": ["Press (down)(down)(back)(forward)(B) to unleash _.", "I don\u2019t know exactly how I got the PAX plague, but I suspect it had something to do with _."], "empty": 0, "id": "pax_2013_east_pack_c"}