{"short": "P14EP", "name": "PAX 2014 East Panel Pack", "white": ["Stepping on a god damn friggin\u2019 LEGO", "Rubbing chocolate pudding all over Bill Cosby\u2019s nipples.", "What The Rock was really cooking.", "Hodor.", "A floor that is literally made of lava.", "All this liquid in my mouth.", "Giving a dolphin a handjob for science.", "Exciting content!"], "black": ["_ was totally worth the trauma.", "Let me tell you about my new startup. It\u2019s basically _, but for _."], "empty": 0, "id": "pax_2014_east_panel_pack"}