{"short": "P13B", "name": "PAX 2013 East Pack B", "white": ["Loading from a previous save.", "Sharpening a foam broadsword on a foam whetstone.", "The rocket launcher.", "The depression that ensues after catching \u2019em all.", "Violating the First Law of Robotics.", "Getting inside the Horadric Cube with a hot babe and pressing the transmute button.", "Punching a tree to gather wood.", "Spending the year\u2019s insulin budget on Warhammer 40k figurines."], "black": ["Action Stations! Action Stations! Set condition one throughout the fleet and brace for _!", "In the final round of this year\u2019s Omegathon, Omeganauts must face off in a game of _."], "empty": 0, "id": "pax_2013_east_pack_b"}