{"short": "P13A", "name": "PAX 2013 East Pack A", "white": ["An immediately regrettable $9 hot dog from the Boston Convention Center.", "Running out of stamina.", "Casting Magic Missile at a bully.", "Getting bitch slapped by Dhalsim.", "Firefly: Season 2.", "Rotating shapes in mid-air so that they fit into other shapes when they fall.", "Jiggle physics.", "Paying the iron price."], "black": ["I have an idea even better than Kickstarter, and it\u2019s called _starter.", "You have been waylaid by _ and must defend yourself."], "empty": 0, "id": "pax_2013_east_pack_a"}