{"short": "RJT", "name": "Reject Pack", "white": ["My dick in your mouth.", "Corn.", "Carribbean Jesus.", "Super yoga.", "Ladles.", "Ejaculating a pound of tinsel.", "A heart that is two sizes too small and that therefore cannot pump an adequate amount of blood.", "The John D. and Catherine T. MacArthur Foundation.", "Dividing by zero.", "Playing an ocarina to summon Ultra-Congress from the sea.", "Asshole pomegranates that are hard to eat.", "Becoming so rich that you shed your body and turn to vapor.", "Faking a jellyfish sting so someone will pee on you.", "A sexy naked interactive theater thing.", "A giant squid in a wedding gown.", "Crawling into a vagina."], "black": ["You can\u2019t wait forever. It\u2019s time to talk to your doctor about _.", "The Westboro Baptist Church is now picketing soldiers\u2019 funerals with signs that read \u2018GOD HATES _.\u2019", "What are two cards in your hand that you want to get rid of?", "The elders of the Ibo tribe of Nigeria recommend _ as a cure for impotence.", "My name is Inigo Montoya. You killed my father. Prepare for _.", "From WBEZ Chicago, it\u2019s This American Life. Today on our program, _. Stay with us.", "What do you see?", "Sir, we found you passed out naked on the side of the road. What\u2019s the last thing you remember?"], "empty": 0, "id": "reject_pack"}