{"short": "RJT2", "name": "Reject Pack 2", "white": ["A dick so big and so black that not even light can escape its pull.", "A double murder suicide barbeque.", "A primordial soup and salad bar.", "A stack of bunnies in a trenchcoat.", "At least three ducks.", "Becoming engorged with social justice jelly and secreting a thinkpiece.", "Being the absolute worst.", "Disco Mussolini.", "Greg Kinnear\u2019s terrible lightning breath.", "Mitt Romney\u2019s eight sons Kip, Sam, Trot, Fergis, Toolshed, Grisham, Hawkeye, and Thorp.", "Mr. and Mrs. Tambourine Man\u2019s jingle-jangle morning sex.", "Mushy tushy.", "Ringo Starr & His All-Starr Band.", "Sandwich.", "Saving the Rainforest Cafe.", "Sir Thomas More\u2019s Fruitopia\u2122.", "Sweating it out on the streets of a runaway American Dream.", "That one leftover screw.", "That thing politicians do with their thumbs when they talk.", "The spooky skeleton under my skin.", "The token lesbian.", "These dolphins.", "Three hairs from the silver-golden head of Galadriel.", "Water so cold it turned into a rock."], "black": ["Astronomers have discovered that the universe consists of 5% ordinary matter,", "25% dark matter, and 70% _.", "BowWOW! is the first pet hotel in LA that offers _ for dogs.", "Hey, whatever happened to Renee Zellweger?", "Housekeeping! You want _?", "In bourgeois society, capital is independent and has individuality, while the living person is _.", "Some men aren\u2019t looking for anything logical, like money. They can\u2019t be bought, bullied, reasoned or negotiated with. Some men just want _.", "What\u2019s wrong with these gorillas?", "Why did the chicken cross the road?", "You say tomato, I say _.", "America is hungry. America needs _."], "empty": 0, "id": "reject_pack_2"}