{"short": "TGT", "name": "Retail Pack (Target)", "white": ["The obscene amount of money Cards Against Humanity is making by selling this game at Target.\u00ae", "Confusing possessions with accomplishments.", "Getting eaten out in the family fitting room.", "Crunchy snacks for my big flappy mouth.", "Buying the right toothbrush cup for my lifestyle.Gender-neutral toys that make children feel no emotions whatsoever.", "A framed photocopy of an oil painting of Paris, France.", "An exclusive partnership with Taylor Swift.", "Buying and returning clothes just to have someone to talk to.", "A Pringle.\u00ae", "How fun it is to eat Pringles.\u00ae", "A Pringles\u00ae\u00a0can full of screams.", "Blood Pringles.\u00ae", "Shiny gadgets for sadness distraction.", "Saving 20% or more on khakis.", "An 800-foot-long pool noodle.", "Refusing to go up a size.", "Subsisting on tiny pizzas.", "Extracting the maximum amount of money from naive consumers."], "black": ["Wait, I came here to buy socks. How did I wind up with _?"], "empty": 0, "id": "retail_pack_(target)"}