{"short": "SIFI", "name": "Sci-Fi Pack", "white": ["(A picture of Sean Connery from the movie Zardoz)", "Masturbating Yoda\u2019s leathery turtle-penis.", "A misty room full of glistening egg sacs.", "Going too far with science and bad things happening.", "Three boobs.", "An alternate history where Hitler was gay but he still killed all those people.", "A hazmat suit full of farts.", "A protagonist with no qualities.", "Darmok and Jalad at Tanagra.", "Cheerful blowjob robots.", "That girl from the Hungry Games.", "Cosmic bowling.", "The ending of Lost.", "Trimming the poop out of Chewbacca\u2019s butt hair.", "A planet-devouring space worm named Rachel.", "How great of a movie Men in Black was.", "Nine seasons of sexual tension with David Duchovny.", "Frantically writing equations on a chalkboard.", "Vulcan sex-madness.", "Funkified aliens from the planet Groovius.", "The dystopia we\u2019re living in right now.", "Laying thousands of eggs in a man\u2019s colon.", "Beep beep boop beep boop."], "black": ["Computer! Display _ on screen. Enhance.", "Madam President, the asteroid is headed directly for Earth and there\u2019s only one thing that can stop it: _.", "What is the answer to life, the universe, and everything?", "Fear leads to anger. Anger leads to hate. Hate leads to _.", "You have violated the Prime Directive! You exposed an alien culture to _ before they were ready.", "You\u2019re not going to believe this, but I\u2019m you from the future! You\u2019ve got to stop _.", "This won\u2019t be like negotiating with the Vogons. Humans only respond to one thing: _."], "empty": 0, "id": "sci-fi_pack"}