{"short": "SCI", "name": "Science Pack", "white": ["A supermassive black hole.", "Reconciling quantum theory with general relativity.", "Electroejaculating a capuchin monkey.", "Insufficient serotonin.", "Evolving a labyrinthine vagina.", "Getting really worried about global warming for a few seconds.", "Infinity.", "Oxytocin release via manual stimulation of the nipples.", "Uranus.", "Being knowledgeable in a narrow domain that nobody understands or cares about.", "Achieving reproductive success.", "Slowly evaporating.", "The quiet majesty of the sea turtle.", "A 0.7 waist-to-hip ratio.", "Fun and interesting facts about rocks.", "Photosynthesis.", "Developing secondary sex characteristics.", "Failing the Turing test.", "Explosive decompression.", "Driving into a tornado to learn about tornadoes.", "David Attenborough watching us mate.", "3.7 billion years of evolution.", "The Sun engulfing the Earth."], "black": ["In line with our predictions, we find a robust correlation between _ and _ (p<.05).", "In what\u2019s being hailed as a major breakthrough, scientists have synthesized _ in the lab.", "A study published in Nature this week found that _ is good for you in small doses.", "In an attempt to recreate conditions just after the Big Bang, physicists at the LHC are observing collisions between _ and _.", "What really killed the dinosaurs?", "Hey there, Young Scientists! Put on your labcoats and strap on your safety goggles, because today we\u2019re learning about _!", "Today on Mythbusters, we find out how long _ can withstand _."], "empty": 0, "id": "science_pack"}