{"short": "II", "name": "Second Expansion", "white": ["A 55-gallon drum of lube.", "A bigger, blacker dick.", "A Burmese tiger pit.", "A dollop of sour cream.", "A fortuitous turnip harvest.", "A magic hippie love cloud.", "A man in yoga pants with a ponytail and feather earrings.", "A pi\u00f1ata full of scorpions", "A sad fat dragon with no friends.", "A slightly shittier parallel universe.", "A sofa that says \u201cI have style, but I like to be comfortable.\u201d", "A soulful rendition of \u201cOl\u2019 Man River.\u201d", "A squadron of moles wearing aviator goggles.", "A sweaty, panting leather daddy.", "A sweet spaceship.", "All of this blood.", "An army of skeletons.", "An ether-soaked rag.", "An unhinged ferris wheel rolling toward the sea.", "Another shot of morphine.", "Basic human decency.", "Beefin\u2019 over turf.", "Being awesome at sex.", "Boris the Soviet Love Hammer.", "Bullshit.", "Catastrophic urethral trauma.", "Crushing Mr. Peanut\u2019s brittle body.", "Daddy\u2019s belt", "Death by Steven Seagal.", "Dennis the Menace.", "Dining with cardboard cutouts of the cast of \u201cFriends.\u201d", "Double penetration.", "Existing.", "Fetal alcohol syndrome.", "Finding Waldo.", "Fuck Mountain.", "Getting hilariously gang-banged by the Blue Man Group.", "Grandpa\u2019s ashes.", "Graphic violence, adult language, and some sexual content.", "Hillary Clinton\u2019s death stare.", "Intimacy problems.", "Jeff Goldblum.", "Living in a trashcan.", "Loki, the trickster god.", "Making a friend.", "Maximal insertion.", "Me.", "Mild autism.", "Mooing.", "My first kill.", "Nunchuck moves.", "Oncoming traffic.", "One Ring to rule them all.", "Power", "Pretty Pretty Princess Dress-Up Board Game\u00ae.", "Pumping out a baby every nine months.", "Rising from the grave.", "Scrotal frostbite.", "Some really fucked-up shit.", "Special musical guest, Cher.", "Spring break!", "Subduing a grizzly bear and making her your wife.", "Survivor\u2019s guilt.", "Swiftly achieving orgasm.", "Taking a man\u2019s eyes and balls out and putting his eyes where his balls go and then his balls in the eye holes.", "The black Power Ranger", "The corporations.", "The day the birds attacked.", "The Google.", "The grey nutrient broth that sustains Mitt Romney.", "The human body.", "The mere concept of Applebee\u2019s\u00ae.", "The mixing of the races.", "The new Radiohead album.", "Tiny nipples.", "Tongue.", "Upgrading homeless people to mobile hotspots.", "Weapons-grade plutonium.", "Wearing an octopus for a hat.", "Whining like a little bitch.", "Whipping a disobedient slave."], "black": ["_ would be woefully incomplete without _.", "After months of debate, the Occupy Wall Street General Assembly could only agree on \u201cMore _!\u201d", "Before _, all we had was _.", "Before I run for president, I must destroy all evidence of my involvement with _.", "Charades was ruined for me forever when my mom had to act out _.", "During his midlife crisis, my dad got really into _.", "Everyone down on the ground! We don\u2019t want to hurt anyone. We\u2019re just here for _.", "I spent my whole life working toward _, only to have it ruined by _.", "I went from _ to _, all thanks to _.", "If God didn\u2019t want us to enjoy _, he wouldn\u2019t have given us _.", "In his newest and most difficult stunt, David Blaine must escape from _.", "Little Miss Muffet Sat on a tuffet, Eating her curds and _.", "Members of New York\u2019s social elite are paying thousands of dollars just to experience _.", "My country, \u2019tis of thee, sweet land of _.", "My mom freaked out when she looked at my browser history and found _.com/_.", "My new favorite porn star is Joey \u201c_\u201d McGee.", "Next time on Dr. Phil: How to talk to your child about _.", "Only two things in life are certain: death and _.", "The Five Stages of Grief: denial, anger, bargaining, _, acceptance.", "The healing process began when I joined a support group for victims of _.", "The votes are in, and the new high school mascot is _.", "This is your captain speaking. Fasten your seatbelts and prepare for _.", "This month\u2019s Cosmo: \u201cSpice up your sex life by bringing _ into the bedroom.\u201d", "Tonight on 20/20: What you don\u2019t know about _ could kill you.", "You haven\u2019t truly lived until you\u2019ve experienced _ and _ at the same time.", "A remarkable new study has shown that chimps have evolved their own primitive version of _.", "What\u2019s harshing my mellow, man?", "Your persistence is admirable, my dear Prince. But you cannot win my heart with _ alone."], "empty": 0, "id": "second_expansion"}