{"short": "III", "name": "Third Expansion", "white": ["That ass.", "Nothing.", "Shutting the fuck up.", "The primal, ball-slapping sex your parents are having right now.", "A cat video so cute that your eyes roll back and your spine slides out of your anus.", "Cock.", "A cop who is also a dog.", "Dying alone and in pain.", "Gay aliens.", "The way white people is.", "Reverse cowgirl.", "The Quesadilla Explosion Salad from Chili\u2019s.", "Actually getting shot, for real.", "Not having sex.", "Vietnam flashbacks.", "Running naked through a mall, pissing and shitting everywhere.", "Warm, velvety muppet sex.", "Self-flagellation.", "The systematic destruction of an entire people and their way of life.", "Samuel L. Jackson.", "A boo-boo.", "Going around punching people.", "The entire Internet.", "Some kind of bird-man.", "Chugging a lava lamp.", "Having sex on top of a pizza.", "Indescribable loneliness.", "An ass disaster.", "All my friends dying.", "Putting an entire peanut buter and jelly sandwich into the VCR.", "Spending lots of money.", "Some douche with an acoustic guitar.", "Flying robots that kill people.", "A greased-up Matthew McConaughey.", "An unstoppable wave of fire ants.", "Not contributing to society in any meaningful way.", "An all-midget production of Shakespeare\u2019s Richard III.", "Screaming like a maniac.", "The moist, demanding chasm of his mouth.", "Filling every orifice with butterscotch pudding.", "Unlimited soup, salad, and breadsticks.", "Crying into the pages of Sylvia Plath.", "Velcro.", "A PowerPoint presentation.", "A surprising amount of hair.", "Eating Tom Selleck\u2019s mustache to gain his powers.", "Roland the Farter, flatulist to the king.", "A pile of squirming bodies.", "Buying the right pants to be cool.", "Blood farts.", "Three months in the hole.", "A botched circumcision.", "The Land of Chocolate.", "Slapping a racist old lady.", "A lamprey swimming up the toilet and latching onto your taint.", "Jumping out at people.", "A black male in his early 20s, last seen wearing a hoodie.", "Mufasa\u2019s death scene.", "Bill Clinton, naked on a bearskin rug with a saxophone.", "Demonic possession.", "The Harlem Globetrotters.", "Vomiting mid-blowjob.", "My manservant, Claude.", "Having shotguns for legs.", "Letting everyone down.", "A spontaneous conga line.", "A vagina that leads to another dimension.", "Disco fever.", "Getting your dick stuck in a Chinese finger trap with another dick.", "Fisting.", "The thin veneer of situational causality that underlies porn.", "Girls that always be textin\u2019.", "Blowing some dudes in an alley.", "Drinking ten 5-hour ENERGYs to get fifty continuous hours of energy.", "Sneezing, farting, and coming at the same time."], "black": ["In the seventh circle of Hell, sinners must endure _ for all eternity.", "A successful job interview begins with a firm handshake and ends with _.", "Lovin\u2019 you is easy \u2019cause you\u2019re _.", "My life is ruled by a vicious cycle of _ and _.", "The blind date was going horribly until we discovered our shared interest in _._. Awesome in theory, kind of a mess in practice.", "I\u2019m not like the rest of you. I\u2019m too rich and busy for _.", "_: Hours of fun. Easy to use. Perfect for _!", "What left this stain on my couch?", "Call the law offices of Goldstein & Goldstein, because no one should have to tolerate _ in the workplace.", "When you get right down to it, _ is just _.", "Turns out that _-Man was neither the hero we needed nor wanted.", "As part of his daily regimen, Anderson Cooper sets aside 15 minutes for _.", "Money can\u2019t buy me love, but it can buy me _.", "With enough time and pressure, _ will turn into _.", "And what did you bring for show and tell?", "During high school I never really fit in until I found _ club.", "Hey baby, come back to my place and I\u2019ll show you _.", "After months of practice with _, I think I\u2019m finally ready for _.", "To prepare for his upcoming role, Daniel Day-Lewis immersed himself in the world of _.", "Finally! A service that delivers _ right to your door.", "My gym teacher got fired for adding _ to the obstacle course.", "Having problems with _? Try _!", "As part of his contract, Prince won\u2019t perform without _ in his dressing room.", "Listen, son. If you want to get involved with _, I won\u2019t stop you. Just steer clear of _."], "empty": 0, "id": "third_expansion"}