{"short": "VFT", "name": "Vote For Trump Pack", "white": ["Actually voting for Donald Trump to be the president of the actual United States.", "A liberal bias.", "Hating Hillary Clinton.", "Growing up and becoming a Republican.", "Courageously going ahead with that racist comment.", "Dispelling with this fiction that Barack Obama doesn\u2019t know what he\u2019s doing.", "Jeb!", "The good, hardworking people of Dubuque, Iowa.", "Conservative talking points.", "Shouting the loudest.", "Sound fiscal policy.", "Full-on socialism."], "black": ["Trump\u2019s great! Trump\u2019s got _. I love that.", "According to Arizona\u2019s stand-your-ground law, you\u2019re allowed to shoot someone if they\u2019re _.", "It\u2019s 3 AM.\nThe Red phone rings."], "empty": 0, "id": "vote_for_trump_pack"}