{"short": "WWW", "name": "World Wide Web Pack", "white": ["YouTube comments.", "My privileged white penis.", "Game of Thrones spoilers.", "A complete inability to understand anyone else\u2019s perspective.", "Taking a shit while running at full speed.", "Cat massage.", "Getting teabagged by a fifth grader in Call of Duty.", "Matching with Mom on Tinder.", "Goats screaming like people.", "Pretending to be black.", "That thing on the Internet everyone\u2019s talking about.", "My browser history.", "Three years of semen in a shoebox.", "A man from Craigslist.", "A respectful discussion of race and gender on the Internet.", "Googling.", "A night of Taco Bell and anal sex.", "Smash Mouth.", "A fun, sexy time at the nude beach.", "Internet porn analysis paralysis.", "Destroying Dick Cheney\u2019s last horcrux."], "black": ["I\u2019m just gonna stay in tonight. You know, Netflix and _.", "I need you like _ needs _.", "Such _. Very _. Wow.", "What did I nickname my genitals?", "Don\u2019t worry, Penny! Go Go Gadget _!", "This app is basically Tinder, but for _.", "Nothing says \u201cI love you\u201d like _.", "You guys, you can buy _ on the dark web.", "TRIGGER WARNING: _."], "empty": 0, "id": "world_wide_web_pack"}